{
  "vertical_eye": [
    -0.08154287136910272,
    0.02545712121866409,
    0.19590487075663074,
    -0.4504412301080984,
    -0.30758645509945665,
    -0.07895092215134608,
    0.12790779327314403,
    0.25495318711795023,
    0.328622826208771,
    -1.003305527328346,
    -0.7805983870181706,
    -0.4107609022995265,
    -0.041602016191990124,
    0.19228932974759533,
    0.3389344030698108,
    0.41415747410903136,
    0.4409735645641909,
    -1.905187620206656,
    -1.778460957570441,
    -0.8807593936723682,
    -0.1055297147812131,
    0.2773544854570358,
    0.42355214604623626,
    0.5071449239868298,
    0.5278209288252192,
    -0.3333081773364527,
    0.2599552633575811,
    0.5604577680774461,
    0.6149354130723994,
    0.6265979996922627,
    0.022182594631888423,
    0.1873348545619916,
    0.24107710934680973,
    -0.3562653708797722,
    -0.13485595838983735,
    0.1044031170870068,
    0.24257756867912073,
    0.32121699903593065,
    0.359499412881583,
    -0.8777730156933239,
    -0.5644171105687125,
    -0.14545798794558437,
    0.16452870042498083,
    0.3190059847375449,
    0.3944951999958482,
    0.43969516973797446,
    -2.0247627912097097,
    -1.14720993170947,
    -0.1157662945051705,
    0.2523347265576942,
    0.4143870623920955,
    0.5136501218763497,
    0.5475080025754818,
    0.5698533212708138,
    -0.5145594516778785,
    0.34729979255580057,
    0.5922475927803432,
    0.6139157303644963,
    0.624549583972952,
    0.6503199436651219
  ],
  "horizontal_eye": [
    -0.05405036351597053,
    0.04868949449995713,
    0.034445564937305516,
    -0.05943571002982853,
    0.07686902170567862,
    0.15661083636966977,
    0.14575163096101193,
    0.09829143031346291,
    0.04296954942211445,
    -0.09642806798764605,
    0.10341899343785393,
    0.35194290942142314,
    0.40539272731508214,
    0.2679226489573751,
    0.15506760877731607,
    0.07664094601480148,
    0.030826455508563506,
    -0.15949963586863566,
    0.1990535701635651,
    0.7421715335230676,
    0.7282048585069129,
    0.4236129103619748,
    0.23691534443535284,
    0.12833846563040252,
    0.07751068084498401,
    1.2623216587912534,
    0.7192274404468784,
    0.2873910189118333,
    0.1493634142970923,
    0.0878764206103072,
    -0.1074512826668703,
    -0.06506426776543439,
    -0.02241124097717411,
    -0.16645514427152366,
    -0.2090127007988939,
    -0.17996588941422878,
    -0.09324004752199283,
    -0.042462986098382415,
    0.0004297360720789524,
    -0.27328513565001566,
    -0.37342665742964665,
    -0.41911534312355714,
    -0.253217724679652,
    -0.1096744385138022,
    -0.04496110466229515,
    -0.0017807670570762128,
    -0.45607729726078317,
    -0.907348214345161,
    -0.6489147170394118,
    -0.34351451553457796,
    -0.13265377763513184,
    -0.025974886788815252,
    0.013150206377144227,
    0.052517347778037515,
    -1.276881110521307,
    -0.5377891497869953,
    -0.10545762808437611,
    -0.0002191412377936756,
    0.007161340193973973,
    0.05568318168050421
  ]
}