{
  "ch_pos": {
    "1": [
      2.272911222700206e-18,
      0.03711945720648101,
      0.08744796107798183
    ],
    "2": [
      -0.032146392915501906,
      0.0185597286032405,
      0.08744796107798183
    ],
    "3": [
      -0.032146392915501906,
      -0.0185597286032405,
      0.08744796107798183
    ],
    "4": [
      4.1132912671185924e-18,
      0.067175144212722,
      0.06717514421272201
    ],
    "5": [
      -0.033587572106361006,
      0.05817538139110046,
      0.06717514421272201
    ],
    "6": [
      -0.05817538139110047,
      0.03358757210636099,
      0.06717514421272201
    ],
    "7": [
      -0.067175144212722,
      -0.0,
      0.06717514421272201
    ],
    "8": [
      -0.05817538139110047,
      -0.03358757210636099,
      0.06717514421272201
    ],
    "9": [
      -0.033587572106361006,
      -0.05817538139110046,
      0.06717514421272201
    ],
    "10": [
      5.393495513652526e-18,
      0.0880824661838448,
      0.035587626374511634
    ],
    "11": [
      -0.03582636660945472,
      0.08046733688020942,
      0.035587626374511634
    ],
    "12": [
      -0.06545802895981183,
      0.0589386740071797,
      0.035587626374511634
    ],
    "13": [
      -0.0837714034354931,
      0.027218978957264665,
      0.035587626374511634
    ],
    "14": [
      -0.08759994121786917,
      -0.00920712483102235,
      0.035587626374511634
    ],
    "15": [
      -0.07628165334319335,
      -0.04404123309192239,
      0.035587626374511634
    ],
    "16": [
      -0.05177357460841445,
      -0.07126021204918707,
      0.035587626374511634
    ],
    "17": [
      -0.018313374475681293,
      -0.08615765296444436,
      0.035587626374511634
    ],
    "18": [
      5.817072295949927e-18,
      0.095,
      5.817072295949927e-18
    ],
    "19": [
      -0.035587626374511634,
      0.0880824661838448,
      5.817072295949927e-18
    ],
    "20": [
      -0.06717514421272201,
      0.067175144212722,
      5.817072295949927e-18
    ],
    "21": [
      -0.0880824661838448,
      0.03558762637451164,
      5.817072295949927e-18
    ],
    "22": [
      -0.095,
      -0.0,
      5.817072295949927e-18
    ],
    "23": [
      -0.0880824661838448,
      -0.03558762637451164,
      5.817072295949927e-18
    ],
    "24": [
      -0.06717514421272201,
      -0.067175144212722,
      5.817072295949927e-18
    ],
    "25": [
      -0.035587626374511634,
      -0.0880824661838448,
      5.817072295949927e-18
    ],
    "26": [
      -0.071633176085933,
      0.05015808988127379,
      -0.03711945720648101
    ],
    "27": [
      -0.08611943005470632,
      0.015185179081880197,
      -0.03711945720648101
    ],
    "28": [
      -0.08446824406154388,
      -0.022633197782365656,
      -0.03711945720648101
    ],
    "29": [
      -0.06698902464587266,
      -0.056210465873277465,
      -0.03711945720648101
    ],
    "30": [
      -0.03695710530354502,
      -0.07925476808545281,
      -0.03711945720648101
    ],
    "33": [
      0.032146392915501906,
      0.0185597286032405,
      0.08744796107798183
    ],
    "34": [
      0.032146392915501906,
      -0.0185597286032405,
      0.08744796107798183
    ],
    "35": [
      2.272911222700206e-18,
      -0.03711945720648101,
      0.08744796107798183
    ],
    "36": [
      0.033587572106361006,
      0.05817538139110046,
      0.06717514421272201
    ],
    "37": [
      0.05817538139110047,
      0.03358757210636099,
      0.06717514421272201
    ],
    "38": [
      0.067175144212722,
      0.0,
      0.06717514421272201
    ],
    "39": [
      0.05817538139110047,
      -0.03358757210636099,
      0.06717514421272201
    ],
    "40": [
      0.033587572106361006,
      -0.05817538139110046,
      0.06717514421272201
    ],
    "41": [
      4.1132912671185924e-18,
      -0.067175144212722,
      0.06717514421272201
    ],
    "42": [
      0.03582636660945472,
      0.08046733688020942,
      0.035587626374511634
    ],
    "43": [
      0.06545802895981183,
      0.0589386740071797,
      0.035587626374511634
    ],
    "44": [
      0.0837714034354931,
      0.027218978957264665,
      0.035587626374511634
    ],
    "45": [
      0.08759994121786917,
      -0.00920712483102235,
      0.035587626374511634
    ],
    "46": [
      0.07628165334319335,
      -0.04404123309192239,
      0.035587626374511634
    ],
    "47": [
      0.05177357460841445,
      -0.07126021204918707,
      0.035587626374511634
    ],
    "48": [
      0.018313374475681293,
      -0.08615765296444436,
      0.035587626374511634
    ],
    "49": [
      0.035587626374511634,
      0.0880824661838448,
      5.817072295949927e-18
    ],
    "50": [
      0.06717514421272201,
      0.067175144212722,
      5.817072295949927e-18
    ],
    "51": [
      0.0880824661838448,
      0.03558762637451164,
      5.817072295949927e-18
    ],
    "52": [
      0.095,
      0.0,
      5.817072295949927e-18
    ],
    "53": [
      0.0880824661838448,
      -0.03558762637451164,
      5.817072295949927e-18
    ],
    "54": [
      0.06717514421272201,
      -0.067175144212722,
      5.817072295949927e-18
    ],
    "55": [
      0.035587626374511634,
      -0.0880824661838448,
      5.817072295949927e-18
    ],
    "56": [
      5.817072295949927e-18,
      -0.095,
      5.817072295949927e-18
    ],
    "57": [
      0.071633176085933,
      0.05015808988127379,
      -0.03711945720648101
    ],
    "58": [
      0.08611943005470632,
      0.015185179081880197,
      -0.03711945720648101
    ],
    "59": [
      0.08446824406154388,
      -0.022633197782365656,
      -0.03711945720648101
    ],
    "60": [
      0.06698902464587266,
      -0.056210465873277465,
      -0.03711945720648101
    ],
    "61": [
      0.03695710530354502,
      -0.07925476808545281,
      -0.03711945720648101
    ],
    "62": [
      5.354643281305639e-18,
      -0.08744796107798183,
      -0.03711945720648101
    ],
    "Cz": [
      0.0,
      0.0,
      0.095
    ]
  },
  "nasion": [5.27205792e-18,  8.60992398e-02, -4.01487349e-02],
  "lpa": [-0.08609924, -0.0, -0.04014873],
  "rpa": [0.08609924,  0.0, -0.04014873],
  "coord_frame": "unknown"
}

